subject_id,PC1,PC2
Crew 100987,-0.2308681403602929,3.4303837418906853
Crew 94465,-1.5866654247551184,1.6662541898634466
Crew 97774,5.6856144381689,-1.703890792335941
Crew 99813,-3.8680808730534895,-3.3927471394181903
