subject_id,mean_node_activation,median_node_activation,max_node_activation,total_node_activation,n_active_domains,active_domain_fraction,graph_density,mean_edge_weight,max_edge_weight,conceptual_edge_count,coactivation_edge_count,top_domain_activation,baci_score,subgraph_activation_mean__cardiometabolic,subgraph_activation_mean__cognitive_emotional_recovery,subgraph_activation_mean__hematologic_cardiovascular,subgraph_activation_mean__immune_metabolic,hazard_relevance__distance_from_earth,hazard_relevance__gravity_fields,hazard_relevance__hostile_closed_environments,hazard_relevance__isolation_and_confinement,hazard_relevance__space_radiation
Crew 100987,-0.129595826628955,-1.5140234633117333,0.6784087567830195,-0.12961787683989195,-1.0,-0.9999999999999998,-0.5773502691896253,-0.5773502691896244,-0.5773502691896258,0.0,-0.5773502691896258,0.6784087567830195,-0.3326119842068461,0.8297573949550164,-1.3861142481809288,0.6940113495761927,-0.7141908103971889,1.5710474811739539,0.14410129224970505,-0.7337212265557301,-0.5092571889780342,0.13368020058734112
Crew 94465,-0.14137726541340545,0.0981446985298075,-0.7563160203713942,-0.1413731659600365,-1.0,-0.9999999999999998,-0.5773502691896253,-0.5773502691896244,-0.5773502691896258,0.0,-0.5773502691896258,-0.7563160203713942,-1.2624949508066314,0.6313963791292516,-0.19626162395540572,-0.4688949378301214,-0.2038697968122329,0.11195302079476448,0.16034914113491117,-0.27954484568349347,-0.4717821883323949,-1.124323059196361
Crew 97774,1.5366475257517562,1.2977462289144,1.2564742404883034,1.5366548202148893,1.0,1.0000000000000002,1.7320508075688776,1.7320508075688785,1.732050807568877,0.0,1.7320508075688774,1.2564742404883034,1.5128480571988812,0.22998443379573574,1.4189665457677145,1.1667281351229906,-0.7712036076977449,-0.6145300015920409,1.2454832538614091,-0.6913139106142134,-0.7417261375356622,1.5506272205029035
Crew 99813,-1.2656744337093924,0.11813253586752347,-1.178566976899928,-1.2656637774149586,1.0,1.0000000000000002,-0.5773502691896253,-0.5773502691896244,-0.5773502691896258,0.0,-0.5773502691896258,-1.178566976899928,0.08225887781459629,-1.6911382078800037,0.1634093263686186,-1.3918445468690628,1.6892642149071675,-1.0684705003766777,-1.5499336872460248,1.7045799828534391,1.7227655148460905,-0.559984361893887
