,Cardiovascular regulation,Metabolic regulation,Body composition / physical status,Inflammation / immune-adjacent,Hematologic / oxygen-carrying,Recovery-related markers
Crew 97774,0.4839211036475488,0.48551479142760573,1.8672670504551556,0.42239454418272193,2.1072852284704275,0.9438022367060395
Crew 94465,0.9486134120010629,0.8351689393905976,1.3225299048002517,0.49644830066791545,0.6277338752222995,0.8063835574245374
Crew 99813,0.19356378594280643,1.1578958563119592,0.19491566110384087,1.0984540745472937,0.7019518251862532,0.8369816298217302
Crew 100987,1.881907964681868,0.6891826141776036,0.6684644073516016,0.48616521160981774,0.6149352147592949,0.7051489171613062
